objectid,filename,format,title,sottotitolo,citazione_bibliografica,date,descrizione_codicologica,saggio_critico,bibliografia_scheda,firma_scheda,link_digitalizzazione,link_bibliografico,parentid
01-rivali-passione-cristo,01-rivali-passione-cristo.jpg,image/jpeg,Che figure!,La stampa (illustrata) prima della stampa in Italia,"Passione di Cristo, [Bondeno?, s.n., 1463?]",1463,"<p>Un in 8° di cc. [8] conservate (ma dovevano essere 17: 16+1 sciolta), sei con testo impresso al recto e al verso e due con illustrazioni (di cui solo una integra) impresse da matrici in metallo. Quella conservata reca solo l’immagine al recto, bianco il verso. Si conservano anche i resti di altre carte che dovevano contenere illustrazioni realizzate con la medesima tecnica. Il testo è in grossi caratteri semigotici non altrimenti attestati in Italia, con una dotazione di pezzi assai scarna, al punto che alcune lettere sono derivate da altre con correzioni a penna (per esempio la ‘e’ dalla ‘c’).</p>","<p>Esattamente un secolo fa, nell’autunno del 1926, sulle pagine de «La Bibliofilía», compariva un’anonima – ma probabilmente di Carlo Frati (1863-1930) – segnalazione, che annunciava l’eccezionale scoperta di un librettino che secondo i primi studi condotti sarebbe da considerare la più antica testimonianza della stampa sul suolo italiano. Nell’inverno tra 1924 e 1925, infatti, l’antiquario monacense Jacques Rosenthal (1854-1937) era entrato in possesso, forse recuperandole da una legatura, di alcune carte – da cui la definizione, appunto, di “frammento” – di un’ignota edizione illustrata con metallografie della traduzione italiana delle Meditazioni sulla Passione di Cristo, un testo chiaramente appartenente al filone della devotio moderna, tipico dell’Europa settentrionale, ma diffuso anche negli ambienti osservanti dell’Italia settentrionale, specie attraverso gli scritti del beato domenicano Enrico Suso (1295-1366). Il frammento venne analizzato dal più importante studioso di edizioni a stampa del Quattrocento, il tedesco Konrad Haebler (1857-1946), che in un saggio del 1927 lo datava all’inizio degli anni Sessanta del Quattrocento e lo localizzava, sulla base dei tratti linguistici, in un’area emiliana compresa tra Parma, Bologna e Ferrara. Difficile dire chi abbia stampato l’edizione, anche se i caratteri venivano già da Haebler accostati a quelli impiegati, anni dopo, da Ulrich Han. Sempre Haebler riconosceva le immagini impiegate come derivate dalle stesse matrici di un’edizione tedesca dello stesso testo, oggi conservata a Monaco, e a suo tempo studiata da Franz Xaver Stöger (ISTC ip00128530). Il librettino fu acquistato dal collezionista americano Edward Alexander Parsons (1878-1962) e pur continuando a essere presente nel dibattito sui primordi della stampa italiana sparì dai radar, fino al 23 novembre 1998, quando fu battuto all’asta a Londra da Christie’s. Nonostante i timidi sforzi del Governo italiano, il frammento fu acquistato da William H. Scheide (1914-2014) e si trova dal 2015, insieme al resto della collezione, nella Scheide Library della Princeton University. Il ritrovamento a Bondeno (FE), nei primi anni Novanta del secolo passato, di alcuni documenti datati 1463, nei quali si prevede l’istituzione di una società tra due tedeschi, Ulrich Pursmid e Paul Moerich, per la produzione di diversi oggetti, tra cui dei libri, ha fatto ipotizzare che il frammento possa essere stato realizzato nell’ambito di tale iniziativa, calzando la datazione cronologica e l’area linguistica con le ipotesi haebleriane. Il primo centro italiano ad aver ospitato l’invenzione di Gutenberg in Italia, non sarebbe dunque, come vuole la tradizione, Subiaco (1465), ma Bondeno. La proposta, avanzata con assoluta ragionevolezza, ma senza una prova davvero definitiva, è stata variamente criticata e sostanzialmente respinta dalla maggior parte degli studiosi che si sono interessati al Frammento Parsons-Scheide, che sono comunque concordi nel collocarne la realizzazione nei primi anni Sessanta del Quattrocento. Al di là di poco utili contenziosi sul primato, vale la considerazione che la stampa italiana, probabilmente avanti il più compiuto e ambizioso programma umanistico sublacense, abbia avuto delle origini più modeste nella fattura, volgari e religiose per quanto riguarda i testi, ma soprattutto con immagini.</p>","<p>ISTC ip00147000; Il primo libro stampato in Italia, «La Bibliofilía», 28, 1926, pp. 307-9; Konrad Haebler, Die Italienischen Fragmente vom Leiden Christi. Das älteste Druckwerk Italiens. Eine Untersuchg, München, Jacques Rosenthal, 1927, disponibile anche in traduzione italiana (Il frammento italiano della Passio Christi. La più antica edizione italiana a stampa, in Konrad Haebler e l’incunabolistica come disciplina storica, a cura di Alessandro Ledda, Milano, CUSL, 2008, pp. 181-219); Lamberto Donati, Passio Domini nostri Iesu Christi. Frammento tipografico della Biblioteca Parsoniana, «La Bibliofilía», 56, 1954, pp. 181-215; Adriano Franceschini, Artisti a Ferrara in età umanistica e rinascimentale. Testimonianze archivistiche, I, Ferrara, Cassa di risparmio di Ferrara, 1993, n. 1004; Enrico Peverada, Dalla xilografia alla stampa tra Bondeno e Ferrara, «Analecta Pomposiana», 14, 1994, pp. 163-87; Piero Scapecchi, Venduto all’asta il frammento Parsons, «Biblioteche oggi», 17/1, 1999, pp. 16-8; Id., Subiaco 1465 oppure [Bondeno 1463]? Analisi del frammento Parsons-Scheide, «La Bibliofilía», 103, 2001, pp. 1-24 e Id., Il frammento Parsons-Scheide e gli inizi della tipografia in Italia, «Analecta Pomposiana», 39, 2014, pp. 15-22 (questi ultimi due poi in Id., Il lavoro del bibliografo. Storia e tecnica della tipografia rinascimentale, Firenze, Olschki, 2023, rispettivamente pp. 23-42 e 43-52); Paolo Veneziani, Alle origini della stampa in Italia, in Prima edizione a stampa della Divina Commedia. Studi III, diretti da Pietro Lai, a cura di Giovanna Alessandri – Rossana Landi, Foligno, Comitato di coordinamento per lo studio e la promozione della prima edizione a stampa della Divina Commedia, 2004, pp. 7-31; Quattrocento bondenese. Religiosità, stampa, arte cultura, Ferrara, Centro italiano di studi pomposiani, 2015, pp. 15-22 e 157-61; Neil Harris, Per vetustà ed obsolescenza: la fenomenologia della lista, in Ester C. Peric, Vendere libri a Padova nel 1480. Il Quaderneto di Antonio Moretto, Udine, Forum, 2020, pp. 7-50.</p>",Luca Rivali,https://dpul.princeton.edu/scheide/catalog/dcst74d483g,,
08-barbieri-viazo,08-barbieri-viazo.jpg,image/jpeg,"Sì, viaggiare, dolcemente viaggiare…",,"[Niccolò da Poggibonsi], Viazo da Venesia al sancto Iherusalem, Bologna, Giustiniano da Rubeira, 1500",1500,"<p>Un in folio di cc. [68], stampato con frusti caratteri gotici e riccamente illustrato con un ricco apparato silografico realizzato ad hoc da diverse mani dotate di gradi di esperienza molto vari: esiste una dettagliata documentazione circa la realizzazione dell’edizione e delle illustrazioni (vedi la voce di <a href=""https://www.treccani.it/enciclopedia/giustiniano-da-rubiera_(Dizionario-Biografico)/"" target=""_blank"" rel=""noopener"">Luca Rivali, Rubiera, Giustiniano da, in Dizionario biografico degli italiani, LXXXIX, Roma, Istituto della Enciclopedia Italiana, 2017, pp. 33-4</a>).</p>","<p>A metà Trecento il francescano Niccolò da Poggibonsi (vicino Firenze) compì un lungo viaggio in Terra Santa, di cui redasse in volgare italiano il racconto, testimoniato da molti manoscritti, anche illustrati. Con un curioso progetto editoriale il testo, dopo essere stato reso anonimo e variamente ritoccato, venne proposto a stampa a Bologna proprio allo scadere del XV secolo. Si tratta di un’edizione “sbagliata”, anche per il formato adottato (troppo grande, con un numero ridotto di carte) condotta a stretta imitazione di un manoscritto; eppure, l’edizione costituisce nello stesso tempo un eccezionale documento di un’opera decisamente popolare, che, col suo ricco apparato illustrativo, risulta un vero controcanto, per di più quasi coevo, di una proposta editoriale assolutamente elitaria come l’Hypnerotomachia Poliphili (vedi qui la scheda precedente). Nel giro di meno di un ventennio l’opera ebbe a Venezia una nuova veste editoriale in 8°, con nuove illustrazioni che la resero per oltre due secoli (anche sotto il falso nome d’autore dello pseudo Noè Bianco) la più affermata guida per i pellegrini, reali o solo spirituali, in Terra Santa. Il testo nonché la gran massa di illustrazioni, spesso realizzate in uno stile assolutamente naïf, sono di grande interesse linguistico, culturale, storico e religioso.</p>","<p>ISTC in00044200; Niccolò da Poggibonsi, Libro d’Oltramare, a cura di Bernardino Bagatti, Jerusalem, Franciscan Printing Press, 1945 e 1996<sup>2</sup>; Viazo da Venesia al Sancto Iherusalem, a cura di Armando e Franca Petrucci, Roma, Edizioni dell’Elefante, 1972; Alessandro Tedesco, Itinera ad loca sancta. Il libro di viaggio delle Biblioteche Francescane di Gerusalemme. Catalogo delle edizioni dei secoli XV-XVIII, Milano, Edizioni Terra Santa, 2017, pp. 35-63; Edoardo Barbieri, L’editio princeps bolognese del Viazo da Venesia al sancto Iherusalem riduzione del Libro d’Oltramare di Niccolò da Poggibonsi, in “Ad stellam”. Il libro d’Oltramare di Niccolò da Poggibonsi e altri resoconti di pellegrinaggio in Terra Santa fra Medioevo ed Età moderna, a cura di Edoardo Barbieri, Firenze, Olschki, 2019, pp. 71-106.</p>",Edoardo Barbieri,https://fgc-dl.contentdm.oclc.org/customizations/global/pages/mirador-project/mirador/cdm.html?manifest=https://fgc-dl.contentdm.oclc.org//iiif/info/libri-antichi/4227/manifest.json,http://www.misinta.it/wp-content/uploads/2018/09/CINQ-D-IV-2-LR2Kcol.pdf,
09-mele-santipadri,09-mele-santipadri.jpg,image/jpeg,"Un libro per gli occhi, una lettura per l’anima",,"[Domenico Cavalca], Vita di Sancti Padri vulgariter historiada, Venezia, Otino da Pavia per Niccolò e Domenico dal Gesù, 1501",1501,"<p>In folio (cc. 228), stampato su due colonne in carattere romano. Il frontespizio (c. a1r) reca il titolo Vita di sancti Padri vulga(r) historiada, Con gratia et privilegio, sormontato dalla marca silografica degli editori entro un’elaborata cornice nera criblé; il colophon (c. BBB4r) riporta la sottoscrizione Impressum Venetiis per Otinum da Pavia de la Luna. Anno domini M.CCCCCI. Adi XXVIII luio. L’apparato illustrativo si articola su tre livelli: sette pagine incipitarie (per i cinque libri delle Vite, per il Prato spirituale e per le relative aggiunte), ciascuna corredata da una vignetta circolare entro un riquadro decorato e da un ampio fregio con motivi fitomorfi, classicheggianti e grotteschi; altri trenta tondi dello stesso modello, collocati sistematicamente nel recto della prima carta di ogni fascicolo; tre serie di capilettera istoriati. Nel solo fascicolo &, che accoglie la Visione di Tundalo e il prologo del Prato spirituale, si aggiungono diciotto vignette quadrate, disposte a mezza colonna.</p>","<p>Questa edizione delle Vite dei santi Padri, promossa dai fratelli Niccolò e Domenico Sandri («dal Gesù»), costituisce, a un decennio dall’editio princeps illustrata di Giovanni Ragazzo per Lucantonio Giunta (Venezia 1491), la più significativa metamorfosi di questo best seller nella traduzione di Domenico Cavalca (1330 ca.). Sul piano della struttura testuale, l’edizione rispetta l’assetto già consolidato dalla tradizione a stampa. In questo senso, il volgarizzamento cavalchiano, grande bacino di racconti edificanti relativi al monachesimo orientale, continua a presentarsi corredato di indici organizzati e rubriche che ne facilitano la consultazione selettiva, trasformando una raccolta stratificata in uno strumento pratico di reperimento del materiale agiografico allo scopo di creare exempla. L’operazione dei fratelli «dal Gesù» mirava a rilanciare un testo caratterizzato da un ampio successo di mercato, investendo in un ciclo silografico concepito ex novo per l’edizione, coerentemente con la vocazione del nuovo prodotto editoriale. Il frontespizio, in bicromia rossa e nera, reca la marca dei Sandri, mentre la sottoscrizione di Otino da Pavia compare al verso dell’ultima carta. Il disegnatore dell’apparato illustrativo, riconducibile all’ambito del miniatore padovano Benedetto Bordon, riprende e rinnova numerosi motivi iconografici dell’edizione giuntina, scomponendo la narrazione visiva in due registri autonomi: da un lato il tondo silografico, riservato ai personaggi più noti (come Paolo Eremita e Antonio Abate); dall’altro il capolettera istoriato, soluzione caratteristica dei numerosi codici miniati che trasmettono le Vite dei Santi Padri. Ne risulta un progetto editoriale lussuoso e coerente, dalle evidenti ambizioni classicheggianti nelle cornici a fondo criblé e negli ornati con grottesche all’antica.</p><p>Si contano oggi undici esemplari noti, tra cui quello già di Rosenwald, oggi conservato presso la Library of Congress di Washington, e quello della Biblioteca Nazionale Centrale di Firenze presentano una colorazione ad acquerello impostata secondo lo stesso schema cromatico, verosimilmente realizzata mediante la tecnica del pochoir, riconducibile a una prassi di bottega.</p><p>La formula illustrativa a silografie circolari, sperimentata qui per la prima volta, sarà ripresa e arricchita nel Legendario di Sancti (Venezia 1505), pubblicato dagli stessi editori “dal Gesù”; così come lo stile del disegno e dell’intaglio sarà alla base di numerose stampe sciolte di carattere devozionale, realizzate dall’atelier dei fratelli Sandri per alcune confraternite veneziane nel primo quarto del Cinquecento.</p>","<p>Edit16 on line CNCE 022454; Essling 574; Sander 3412; Alfredo Cioni, Bibliografia de «Le vite dei Santi Padri» volgarizzate da fra Domenico Cavalca, Firenze, Sansoni Antiquariato, 1962 (Biblioteca degli Eruditi e dei Bibliofili, 73), n. B.19; Lilian Armstrong, Venetian and Florentine Renaissance Woodcuts for Bibles, Liturgical Books, and Devotional Books, in A Heavenly Craft: The Woodcut in Early Printed Books, a cura di Daniel De Simone, New York, George Braziller – Library of Congress, 2004, pp. 25-46: 38-40.</p>",Francesco Mele,https://www.loc.gov/resource/rbc0001.2019rosen0740/?sp=348,,
02-azzolini-uominifamosi,02-azzolini-uominifamosi.jpg,image/jpeg,Illustrare gli illustri,,"Francesco Petrarca [ma Donato Albanzani], Il Libro degli uomini famosi, Poiano, Felice Feliciano e Innocente Ziletti, 1476",1476,"<p>L’incunabolo è costituito da cc. [240] in formato in folio (l’esemplare Casanatense misura 325×235 mm) composto in caratteri romani. Le prime carte contengono materiali prefatori: un Repertorio, che cataloga le 36 vite di «capitani» incluse nel volume; un Registro, che elenca le prime parole di ogni foglio ed è seguito dal colophon con la sottoscrizione esplicita degli editori; un Brieve racoglimento in terza rima, composto da Feliciano, che presenta la materia del libro. Il Libro degli uomini famosi vero e proprio (cioè la traduzione in volgare risalente al 1382-1388 e dovuta a Donato Albanzani del De viris illustribus di Francesco Petrarca) inizia al quinto foglio e comprende sia le 24 biografie effettivamente composte dal poeta sia le 12 biografie del Supplementum allestito dopo la sua morte da Lombardo della Seta. Come in gran parte della tradizione manoscritta, anche in questa princeps il volgarizzamento è attribuito allo stesso Petrarca.</p>","<p>Il versatile umanista veronese Felice Feliciano (1433-1479?), qui in veste di tipografo, e il suo coadiutore Innocente Ziletti lavorarono insieme a Poiano, nel contado veronese, per dare alle stampe nell’anno 1476 un’opera complessa e ambiziosa, destinata a un pubblico di lettori appassionati di antichità: infatti, tutte le vite dei «capitani» sono precedute da cornici silografiche a nodi intrecciati (la cui matrice venne disegnata dallo stesso Feliciano) che avrebbero dovuto accogliere le «statue», ovvero le illustrazioni degli eroi, verosimilmente in piedi, aggiunte a mano dopo la stampa. Benché dei 44 esemplari superstiti pochi siano decorati, due sono completati da figure intere di grande pregio, ispirate al perduto ciclo di affreschi della Sala virorum illustrium della Reggia Carrarese di Padova. L’esemplare in esame, conservato alla Biblioteca Casanatense di Roma, ospita, invece, ritratti di profilo, a mezzo busto, disegnati a penna e a inchiostro da un artista dilettante tra i secoli XVI e XVII. La disinvoltura con cui costui iscrisse entro un formato verticale busti ben più adatti a essere collocati entro quadrati o cerchi suggerisce la possibilità alternativa che già Feliciano avesse concepito un ciclo iconografico di figure non in piedi ma a mezzo busto, simili, forse, a quelle dagli elmi fantasiosi disegnate dal pittore e amico Marco Zoppo (1433-1478) nel cosiddetto Rosebery Album, oggi al British Museum. Comunque, lo Scipione dell’incunabolo Casanatense (c. g7r), con il volto piccolo e sproporzionato rispetto all’elmo riccamente decorato, dà prova delle capacità amatoriali del suo anonimo illustratore.</p>","<p>ISTC ip00415000; Agostino Contò, «Non scripto calamo». Felice Feliciano e la tipografia, in L’«Antiquario» Felice Feliciano veronese tra epigrafia antica, letteratura e arti del libro. Atti del Convegno di Studi Verona 3-4 giugno 1993, a cura di Agostino Contò – Leonardo Quaquarelli, Padova, Antenore, 1995, pp. 289-312; Lilian Armstrong, Petrarch’s Famous Men in the Early Renaissance. The Illuminated Copies of Felice Feliciano’s Edition, London, The Warburg Institute, 2016; Paolo Ponzù Donato, Il De viris illustribus di Francesco Petrarca volgarizzato da Donato Albanzani: per la storia della tradizione, «Lettere italiane», 72, 2020, pp. 584-630; Vanni Veronesi, Il De viris illustribus di Petrarca volgarizzato da Donato degli Albanzani: catalogo dei manoscritti e appunti per una nuova edizione, Trieste, EUT, 2021.</p>",Chiara Azzolini,https://preserver.beic.it/delivery/DeliveryManagerServlet?dps_pid=IE7650864,,
03-magnanti-kalendarium,03-magnanti-kalendarium.jpg,image/multiple,Regiomontano: anticipare il tempo giusto delle cose,,"Johannes Regiomontanus, Kalendarium, Venezia, Bernhard Maler – Erhard Ratdolt – Peter Löslein, 1476",1476,"<p>Prima edizione in volgare italiano, stampata nel 1476 a Venezia da Erhard Ratdolt in società con Bernhard Maler e Pietro Löslein. Esemplare in 4°, composto da 30 carte. Il frontespizio, entro una cornice silografica a fondo bianco, racchiude un sonetto caudato; il capolettera e i nomi degli editori sono impressi in rosso. Il volume comprende 64 illustrazioni silografiche: 60 fasi lunari, stampate in nero e colorate in giallo, e tre diagrammi mobili a volvelle.</p>","<p>Circa un secolo prima della riforma gregoriana del calendario, promulgata da papa Gregorio XIII nel 1582, l’astronomo tedesco Johannes Müller, detto Regiomontano (1436-1476), aveva già individuato le incongruenze del calendario giuliano e le inevitabili conseguenze nel calcolo della data della Pasqua. Dopo gli studi a Lipsia e un primo soggiorno in Italia presso il Cardinal Bessarione, Regiomontano si stabilì a Norimberga, dove gestì una delle prime tipografie europee specializzate nella pubblicazione di opere scientifiche. Il Kalendarium, pubblicato per la prima volta in latino e in tedesco nel 1474, raccoglie tavole astronomiche calcolate sul meridiano di Norimberga, nelle quali sono indicati gli istanti delle congiunzioni e delle opposizioni lunari per ciascun mese tra il 1475 e il 1531. Il volume comprende inoltre diagrammi delle eclissi, tavole e istruzioni per il calcolo delle ore ineguali, del vero moto della luna, un quadrante dell’orologio orizzontale e un quadro generale delle ore corredato da diagrammi mobili a volvelle. Nell’edizione latina, Regiomontano aggiunse anche la dissertazione sul computo pasquale e una tavola che metteva a confronto la data della Pasqua celebrata secondo l’uso della Chiesa con quella che riteneva corretta dal punto di vista astronomico, evidenziando gli errori che si sarebbero verificati tra il 1477 e il 1531. Questo minuzioso lavoro gli valse la chiamata a Roma da parte di papa Sisto IV, che intendeva avvalersi delle sue competenze nel progetto di revisione del calendario ecclesiastico. Regiomontano morì però nell’estate del 1476 poco dopo il suo arrivo nell’Urbe. Il dibattito sulla riforma fu ripreso solo qualche decennio più tardi, con il Concilio Lateranense V, ma il Kalendarium continuò a rappresentare un punto di riferimento fondamentale per gli studi astronomici. Oltre al suo valore scientifico, l’opera è fondamentale per la storia del libro a stampa: l’edizione latina del 1476 è, infatti, generalmente considerata uno dei primi esempi di frontespizio concepito come una pagina tipografica autonoma, nella quale testo e immagine sono progettati unitariamente per presentare e identificare l’edizione. Nello stesso anno venne stampata a Venezia anche l’edizione in volgare italiano che riprende l’elegante impianto tipografico dell’originale. L’opera conobbe una grande fortuna editoriale: entro la fine del XV secolo ne furono pubblicate almeno venti edizioni, affermandosi come modello per numerosi calendari e almanacchi successivi.</p>","<p>ISTC ir00103000; Gilbert Richard Redgrave, Erhard Ratdolt and his work at Venice, London, Bibliographical Society at the Chiswick Press, 1894; Alfred William Pollard, Italian Book-Illustrations and Early Printing. A Catalogue of Early Italian Books in the Library of C. W. Dyson Perrins, Oxford-London, Oxford University Press – Bernard Quaritch, 1914, pp. 9-12 e 22-4; Ernst Zinner, Regiomontanus, in Dictionary of Scientific Biography, XI, New York, Charles Scribner’s Sons, 1975, pp. 348-52; John David North, The Western Calendar – “Intolerabilis, Horribilem et Derisibilem”. Four Centuries of Discontent, in Gregorian Reform of the Calendar. Proceedings of the Vatican Conference to Commemorate its 400th Anniversary. 1582--1982, edited by George Vincent Coyne – Michael Allan Hoskin – Olaf Pedersen, Città del Vaticano, Specola Vaticana, 1983, pp. 75-113; Ernst Zinner, Regiomontanus. His Life and Work, translated by Ezra Brown, Amsterdam-New York, North-Holland, 1990 (ed. orig. 1938); Michael Shank, The Geometrical Diagrams in Regiomontanus’s Edition of His Own Disputationes (c. 1475). Background, Production, and Diffusion, «Journal for the History of Astronomy», 43, 2012, pp. 27-55; <a href=""https://www.treccani.it/enciclopedia/erhard-ratdolt_(Dizionario-Biografico)/"" target=""_blank"" rel=""noopener"">Luca Rivali, Ratdolt, Erhard, in Dizionario Biografico degli Italiani, LXXXVI, Roma, Istituto della Enciclopedia Italiana, 2016, pp. 552-4</a>; Philipp Nothaft, Scandalous Error. Calendar Reform and Calendrical Astronomy in Medieval Europe, Oxford, Oxford University Press, 2018.</p>",Francesca Magnanti,https://preserver.beic.it/delivery/DeliveryManagerServlet?dps_pid=IE7821633,,
03-magnanti-kalendarium-01,03-magnanti-kalendarium.jpg,image/jpeg,Frontespizio,,,,,,,,,,03-magnanti-kalendarium
03-magnanti-kalendarium-02,03-magnanti-kalendarium-02.jpg,image/jpeg,Tavola delle eclissi di Sole e Luna,,,,,,,,,,03-magnanti-kalendarium
03-magnanti-kalendarium-03,03-magnanti-kalendarium-03.jpg,image/jpeg,"El quadrato generale de le hore, con volvella mobile",,,,,,,,,,03-magnanti-kalendarium
04-consorti-supplementum,04-consorti-supplementum.jpg,image/jpeg,Una Storia (in)finita,,"Giacomo Filippo Foresti, Supplementum Chronicarum, Venezia, Bernardino Benali, 1486",1486,"<p>Volume in folio di 274 carte, stampato in carattere gotico. L’opera è suddivisa in quindici libri, articolati in brevi capitoli scanditi da segni di paragrafo. Le prime [12] carte comprendono la Tabula generalis e il prologo. Ampio apparato iconografico, verosimilmente di ambito veneziano, costituito da silografie di soggetto biblico e da vedute di città. Titoli correnti nei margini superiori, notabilia e doppie linee del tempo in quelli esterni.</p>","<p>Pensato come un aggiornamento della storiografia precedente, il Supplementum Chronicarum del frate bergamasco Giacomo Filippo Foresti (1434-1520) ripercorre in quindici libri la storia dell’umanità, dalla Creazione del mondo fino agli avvenimenti più significativi della contemporaneità. Con oltre venti edizioni nell’arco di poco meno di un secolo – di volta in volta aggiornate con gli eventi intercorsi tra l’una e l’altra – conobbe un’enorme fortuna editoriale, oltrepassando anche i confini della penisola italiana. L’edizione del 1486 qui presentata, stampata tre anni dopo la princeps – ancora a Venezia, ancora da Bernardino Benali – segna una svolta decisiva nella tradizione dell’opera: per la prima volta, il testo latino è accompagnato da un articolato apparato iconografico. Tre grandi silografie a tema biblico e settantadue vedute cittadine (spesso ripetute) amplificano l’impatto comunicativo della pagina, già catalizzato dal dialogo tra titoli correnti e linee del tempo nei margini. Non si tratta di semplici elementi decorativi, ma di componenti essenziali del progetto editoriale, in cui testo e immagine collaborano per guidare il lettore. Alle soglie dell’età moderna, in equilibrio tra eredità medievale e cultura umanistica, il Supplementum Chronicarum incarna l’ambizione di ogni opera enciclopedica: quella di mettere ordine nel caos.</p>","<p>ISTC ij00210000; Alberto Zampieri, Le prime vedute di Pisa a stampa. Jacopo Filippo Foresti ed il Supplementum chronicarum, Pisa, ETS, 1991; Achim Krümmel, Das “Supplementum Chronicarum” des Augustinermönches Jacobus Philippus Foresti von Bergamo, Herzberg, Bautz, 1992; <a href=""https://www.treccani.it/enciclopedia/giacomo-filippo-foresti_(Dizionario-Biografico)/"" target=""_blank"" rel=""noopener"">Lucia Megli Fratini, Foresti, Giacomo Filippo, in Dizionario Biografico degli Italiani, XLVIII, Roma, Istituto della Enciclopedia Italiana, 1997, pp. 801-3</a>; Rodolfo Vittori, Una cultura di confine. Cultura scritta d’élite, biblioteche e circolazione del sapere a Bergamo (1480-1600), Milano, Franco Angeli, 2020, pp. 200-38; Che tipi a Bergamo e Brescia! I più antichi libri a stampa testimoni di una rivoluzione, catalogo della mostra a cura di Ennio Ferrraglio – Eleonora Gamba, Bergamo, Lubrina Bramani, 2023.</p>",Lorenzo Consorti,https://www.digitale-sammlungen.de/en/view/bsb00040458?page=1,,
05-brasca-commedia,05-brasca-commedia.jpg,image/multiple,Anche i migliori sbagliano,,"Dante Alighieri, La Commedia, Brescia, Bonino Bonini, 31 maggio 1487",1487,"<p>L’edizione si presenta in grande formato in folio, di 310 carte (segnate &<sup>8</sup> a-i⁸ k⁶ l-r<sup>8</sup> aa-mm⁸ nn⁴ A⁶ B⁸ C-L⁶) e con un importante apparato iconografico di ben 68 silografie a piena pagina. Al colophon si registra la marca tipografica di Bonino Bonini. I caratteri impiegati sia per il testo poetico (R111) sia per il commento di Cristoforo Landino che lo incornicia (R81) sono romani.</p>","<p>Cronologicamente si tratta dell’undicesima edizione a stampa della Commedia, ma è di fatto la prima in cui l’apparato iconografico possa dirsi compiuto per l’intero poema. Infatti, precedentemente, Niccolò di Lorenzo della Magna aveva stampato a Firenze nel 1481 un’edizione accompagnata da silografie su disegni attribuiti a Sandro Botticelli, fermandosi tuttavia al XIX canto dell’Inferno, peraltro con un numero variabile di incisioni calcografiche effettivamente impresse nei singoli esemplari. Nel caso del Dante bresciano, invece, le illustrazioni arrivano fino al I canto del Paradiso, accompagnando pertanto tutte e tre le cantiche. Va però sottolineato che per illustrare 68 canti furono utilizzate solo 60 matrici (206×121 mm), con quindi otto casi di riuso. Inoltre, alcune illustrazioni risultano scarsamente attinenti al testo, soprattutto in corrispondenza della fine del Purgatorio e del primo canto del Paradiso, quando forse la maggiore difficoltà del contenuto causò alcuni problemi nell’allestimento dell’apparato iconografico. Sorvolando su questioni attributive, per le quali si rimanda alla bibliografia, basti qui dire che le silografie sono state ricondotte ad artisti diversi appartenenti a un’unica bottega, tanto che sfogliando questa Commedia è possibile riconoscere vari livelli di competenza e di sensibilità artistica. Nella silografia che accompagna il canto I del Paradiso sono illustrate scene del canto XXXIII del Purgatorio. Siamo infatti nel Paradiso Terrestre dove Dante, accompagnato da Matelda e Beatrice, ascolta il Salmo intonato dalle sette donne e le segue sino al fiume Eunoè. In questa sede non ci si soffermerà nemmeno su questioni tecniche riguardanti le varianti di composizione, ma si può senz’altro affermare che in generale questa edizione si contraddistingue maggiormente per le sue silografie che per la correttezza del testo. Peraltro, l’edizione bresciana del 1487 ha in comune con quella fiorentina del 1481 non soltanto la volontà di tradurre il poema in immagini, ma anche la scelta dei paratesti e del commento landiniano, a ulteriore conferma che il vero elemento innovativo vada cercato nel suo apparato iconografico. Va sfogliata, dunque, innanzitutto con gli occhi, immergendosi nel viaggio ultramondano di Dante e, perché no, divertendosi a riconoscere qualche errore nell’abbinamento silografia-canto!</p>","<p>ISTC id00031000; Sander 2312; Luigi Lechi, Della tipografia bresciana del secolo decimoquinto, Brescia, Venturini, 1854, p. 92; Friedrich Lipmann, The art of wood engraving in Italy in the Fifteenth Century, London, Bernard Quaritch, 1888, pp. 87-8; Paul Colomb De Batines, Bibliografia Dantesca, 3 voll., Prato, Tipografia Aldina Editrice, 1895, I, pp. 49-52; Charles Gérard, Un exemplaire exceptionnel du Dante de Brescia de 1487, «La Bibliofilía», 4, 1903, pp. 400-7; Paul Kristeller, Die Lombardische Graphik der Renaissance, Berlin, Bruno Cassirer, 1913, p. 31; Carlo Pasero, Le xilografie dei libri bresciani dal 1483 alla seconda metà del XVI secolo, Brescia, Scuola tipografica Istituto figli di Maria Immacolata, 1928, pp. 70-6; Arthur M. Hind, An Introduction to a History of Woodcut, London, Constable & Company, 1935 (= New York, Dover, 1963), p. 507; Carlo E. Rava, Considerazioni su alcune xilografie lombarde, in Id., Arte dell’illustrazione nel libro italiano del Rinascimento, Milano, Görlich, 1945, pp. 42-53; Sergio Samek Ludovici, Illustrazione del libro e incisione in Lombardia nel Quattrocento e Cinquecento, Modena, Artioli, 1960, p. 50; Lamberto Donati, Ripensamenti sulle prime edizioni della Divina Commedia, «La Bibliofilía», 63, 1961, pp. 3-72: 52-72; Lamberto Donati, Il Botticelli e le prime illustrazioni della Divina Commedia, Firenze, Olschki, 1962; Lamberto Donati, Il ’non finito’ nel libro illustrato antico, Firenze, Olschki, 1973, pp. 116-7; Sergio Samek Ludovici, Arte del libro: tre secoli di storia del libro illustrato dal Quattrocento al Seicento, Milano, Ares, 1974, pp. 129-30: 129; Giulia Bologna, Il libro come oggetto di visione: l’attività grafico-illustrativa a Brescia nel Rinascimento, in I primordi della stampa a Brescia 1472-1511. Atti del Convegno internazionale (Brescia, 6-8 giugno 1984), a cura di Ennio Sandal, Padova, Antenore, 1986, pp. 107-19: 116-7; <a href=""https://centridiricerca.unicatt.it/creleb/it/libri-e-documenti/minima-bibliographica.html"" target=""_blank"" rel=""noopener"">Giancarlo Petrella, Dante Alighieri, ’Commedia’. Brescia, Bonino Bonini, 1487. Repertorio iconografico delle silografie, Milano, C.R.E.L.E.B. Università Cattolica – Edizioni CUSL, 2012 (Minima Bibliographica, 12)</a>; Id., Dante in tipografia. Errori, omissioni e varianti nell’edizione Brescia, Bonino Bonini, 1487, «La Bibliofilía», 115, 2013, pp. 167-96; Id., Il castello dei destini bibliografici incrociati. Note per una bibliografia comparata delle tre corone nel XV secolo, in Le forme dei libri e le tradizioni dei testi. Dante, Petrarca, Boccaccio. Atti del convegno internazionale di Napoli 18-20 novembre 2019, a cura di Andrea Mazzucchi, Roma-Padova, Antenore, 2023, pp. 115-75: 155-7.</p>",Sara Brasca,https://preserver.beic.it/delivery/DeliveryManagerServlet?dps_pid=IE7772988,,
05-brasca-commedia-01,05-brasca-commedia.jpg,image/jpeg,"Silografia a piena pagina, rubricata «Inferno»",,,,,,,,,,05-brasca-commedia
05-brasca-commedia-02,05-brasca-commedia-02.jpg,image/jpeg,"Testo del canto XXXII del Purgatorio, con il commento di Cristoforo Landino",,,,,,,,,,05-brasca-commedia
06-borinelli-fasciculus,06-borinelli-fasciculus.jpg,image/multiple,«Incunabula medica»,,"Johannes de Ketham, Fasciculus medicinae, Venezia, Giovanni e Gregorio de Gregori, 15 ottobre 1495",1495,"<p>Si tratta di un in folio di 40 cc. non numerate, stampato in caratteri gotici su due colonne di 53 linee per pagina. L’opera è arricchita da un importante apparato iconografico che consiste di dieci silografie a tutta pagina; presenta iniziali silografiche a ogni inizio di paragrafo.</p>","<p>Pubblicato per la prima volta a Venezia nel 1491 dai fratelli Giovanni e Gregorio de’ Gregori (ISTC ik00013000), il Fasciculus Medicinae è considerato il primo libro di medicina illustrato a stampa. L’opera si compone di sei trattati medici medievali, tradizionalmente attribuiti a Johannes de Ketham, comprendendo, fra gli altri, il Consilium pro peste evitanda di Pietro da Tossignano e l’Anatomia di Mondino de’ Liuzzi, prima e unica monografia anatomica impressa nel XV secolo. L’edizione del 1495, seconda edizione latina dell’opera, rappresenta una delle più significative testimonianze dell’editoria medica del XV secolo. Il volume si distingue per il ricco apparato iconografico, ampliato rispetto alla prima edizione: le silografie passano infatti da sei a dieci, numero destinato a rimanere invariato nelle successive ristampe. Di particolare interesse sono le tavole anatomiche e le illustrazioni dedicate alla pratica medica, considerate tra le prime rappresentazioni a stampa caratterizzate da un intento di rigoroso realismo tecnico e da un’accurata resa dei dettagli, stilisticamente riconducibile all’ambiente di Giovanni Bellini e Andrea Mantegna. Per l’importanza del suo programma iconografico e per l’elevato livello della sua esecuzione tipografica, questa edizione costituisce una pietra miliare nella storia del libro medico illustrato e uno dei più pregevoli esempi del livello della produzione libraria del XV secolo. L’edizione del 1495 riveste particolare interesse per le sue scelte editoriali, che riprendono consapevolmente la mise en page e l’uso della lingua latina già adottati nell’edizione del 1491. Delle dieci silografie dell’edizione del 1495, nove sono riprese dall’edizione del 1493 (ISTC ik00017000), mentre l’ultima (c. e2v) è la stessa della curiosa tavola tirata a colori nella stessa edizione (c. f2v). Il ciclo iconografico accompagna il lettore lungo i principali temi dell’opera con un programma figurativo di notevole valore didattico. Si apre con il ritratto di Petrus de Montagnana nel suo studio, circondato dai volumi della sua biblioteca – ricca interamente di opere classiche o arabe – e intento a ricevere i pazienti, cui seguono scene dedicate alla consultazione medica, all’uroscopia, alla pratica del salasso, all’Uomo-Zodiaco, alla cura delle ferite e alla localizzazione delle malattie. Di particolare interesse è la figura della donna gravida sezionata, già presente nell’edizione del 1493 e considerata la prima rappresentazione a stampa di un organo interno. Completano la serie la visita a un appestato, premessa al trattato di Pietro da Tossignano, e la lezione di anatomia, posta a introduzione dell’Anatomia di Mondino, immagini che testimoniano l’intento non solo illustrativo, ma autenticamente didattico dell’opera. Le silografie rappresentano un efficace supporto alla comprensione del testo: sono corredate da didascalie, integrazioni descrittive e lettere di rimando al corpo del testo che consentono al lettore di orientarsi con maggiore facilità tra immagini e contenuto scritto, anticipando soluzioni editoriali destinate a una più ampia diffusione nei secoli successivi. La scelta del latino risponde alla volontà di favorirne la diffusione internazionale, in un momento in cui Venezia occupava un ruolo centrale nel commercio librario europeo. A conferma della sua fortuna editoriale, solo nel Quattrocento il testo conobbe otto edizioni: cinque veneziane (quattro in latino e una in volgare) e tre spagnole. In Italia questa pubblicazione costituisce un caso pressoché isolato, probabilmente nato nel contesto della produzione veneziana di opere scientifiche illustrate (in particolare delle raccolte astronomiche stampate negli anni immediatamente precedenti). Diversamente, nell’area tedesca si sviluppò una più consistente tradizione di libri medici corredati da apparati iconografici, destinati sia all’insegnamento sia alla pratica professionale.</p>","<p>ISTC ik00014000; Essling 587; Sander 3745; Italian Book-Illustrations and Early Printing. A Catalogue of Early Italian Books in the Library of C. W. Dyson Perrins, London, Bernard Quaritch, 1914; William Osler, Incunabula Medica. A Study of the Earliest Printed Medical Books, 1467-1480, Oxford, Oxford University Press, 1923; Arnold C. Klebs, Incunabula scientifica et medica. Short title list, Bruges, St Catherine Press, 1938, n. 573.2; William J. Bishop, Some medical bibliophiles and their library, «Journal of the History of Medicine and Allied Sciences», 3, 1948, pp. 229-62; Tiziana Pesenti, Editoria medica tra Quattro e Cinquecento: L’Articella e il Fasciculus medicine, in Trattati scientifici nel Veneto fra il XV e XVI secolo, a cura di Ezio Riondato, Venezia, Università Internazionale dell’Arte, 1985, pp. 1-28; Lotte Hellinga, «Medical Incunabula», in Medicine, Mortality and the Book Trade, edited by Robin Myers – Michael Harris, New Castle, Oak Knoll Press, 1998, pp. 73-86; Tiziana Pesenti, Il “Fasciculus medicinae” ovvero le metamorfosi del libro umanistico, 2 voll., Treviso, Antilia, 2001; Isabelle Pantin, Analogy and Difference: A Comparative Study of Medical and Astronomical Images in Books, 1470-1550, «Early Science and Medicine», 18, 2013, pp. 9-44; <a href=""https://www.treccani.it/enciclopedia/de-gregori-giovanni-e-gregorio_(Dizionario-Biografico)/"" target=""_blank"" rel=""noopener"">Tiziana Pesenti, De Gregori, Giovanni e Gregorio, in Dizionario Biografico degli Italiani, XXXVI, Roma, Istituto della Enciclopedia Italiana, 1988, pp. 202-7</a>; Lilian Armstrong, La xilografia nel libro italiano del Quattrocento, Milano, EDUCatt, 2015; Sabrina Minuzzi, Il primo libro illustrato di medicina e il mistero del suo curatore (Venezia 1491-1494), Venezia, Marsilio, 2026.</p>",Celeste Sofia Borinelli,https://collections.nlm.nih.gov/bookviewer?PID=nlm:nlmuid-9413520-bk,,
06-borinelli-fasciculus-01,06-borinelli-fasciculus.jpg,image/jpeg,Ritratto di Petrus de Montagnana nel suo studio,,,,,,,,,,06-borinelli-fasciculus
06-borinelli-fasciculus-02,06-borinelli-fasciculus-02.jpg,image/jpeg,Tavola delle vene per la pratica del salasso,,,,,,,,,,06-borinelli-fasciculus
